{"stats":{"minecraft:dropped":{"minecraft:rotten_flesh":1,"minecraft:oak_stairs":1,"minecraft:oak_planks":1},"minecraft:mined":{"minecraft:oak_stairs":1,"minecraft:sand":8,"minecraft:oak_planks":1},"minecraft:picked_up":{"minecraft:arrow":2,"minecraft:rotten_flesh":1,"minecraft:oak_stairs":1,"minecraft:sand":8,"minecraft:oak_planks":1},"minecraft:used":{"minecraft:sand":8},"minecraft:custom":{"minecraft:time_since_rest":40089,"minecraft:open_chest":1,"minecraft:crouch_one_cm":2142,"minecraft:sprint_one_cm":8431,"minecraft:play_time":40089,"minecraft:damage_taken":210,"minecraft:walk_one_cm":26682,"minecraft:sneak_time":644,"minecraft:walk_under_water_one_cm":2930,"minecraft:drop":3,"minecraft:jump":113,"minecraft:damage_dealt":10,"minecraft:leave_game":3,"minecraft:walk_on_water_one_cm":1818,"minecraft:time_since_death":40089,"minecraft:total_world_time":40089,"minecraft:swim_one_cm":4096,"minecraft:fall_one_cm":2698,"minecraft:fly_one_cm":12592}},"DataVersion":3465}