{"stats":{"minecraft:mined":{"minecraft:sand":8},"minecraft:picked_up":{"minecraft:sand":8},"minecraft:used":{"minecraft:sand":8},"minecraft:custom":{"minecraft:jump":64,"minecraft:open_chest":1,"minecraft:time_since_rest":28089,"minecraft:damage_taken":40,"minecraft:crouch_one_cm":415,"minecraft:leave_game":3,"minecraft:play_time":28089,"minecraft:sprint_one_cm":8296,"minecraft:time_since_death":28089,"minecraft:walk_on_water_one_cm":1471,"minecraft:walk_one_cm":5619,"minecraft:sneak_time":183,"minecraft:total_world_time":28089,"minecraft:walk_under_water_one_cm":740,"minecraft:swim_one_cm":3060,"minecraft:fall_one_cm":2013,"minecraft:fly_one_cm":12366}},"DataVersion":3465}