{"stats":{"minecraft:mined":{"minecraft:oak_log":3,"minecraft:oak_planks":5},"minecraft:killed_by":{"minecraft:skeleton":1},"minecraft:picked_up":{"minecraft:bone":4,"minecraft:rotten_flesh":3,"minecraft:sand":1,"minecraft:oak_log":3,"minecraft:oak_planks":5},"minecraft:used":{"minecraft:rotten_flesh":2},"minecraft:crafted":{"minecraft:oak_planks":12},"minecraft:custom":{"minecraft:time_since_rest":9390,"minecraft:open_chest":1,"minecraft:crouch_one_cm":224,"minecraft:play_time":13166,"minecraft:sprint_one_cm":8928,"minecraft:walk_one_cm":16568,"minecraft:damage_taken":475,"minecraft:deaths":1,"minecraft:sneak_time":228,"minecraft:walk_under_water_one_cm":4720,"minecraft:jump":93,"minecraft:damage_dealt":50,"minecraft:time_since_death":9366,"minecraft:walk_on_water_one_cm":6271,"minecraft:total_world_time":13166,"minecraft:swim_one_cm":8656,"minecraft:fall_one_cm":1314,"minecraft:fly_one_cm":17669}},"DataVersion":3465}